episode,return,steps,success,end_reason,return_ma,success_rate_ma
1,-24.5,2,0,enemy,,
2,-44.60000000000001,47,0,trap,,
3,-26.5,13,0,trap,,
4,-26.8,16,0,trap,,
5,-41.99999999999999,54,0,trap,,
6,-38.6,23,0,trap,,
7,-37.3,34,0,enemy,,
8,-25.1,5,0,trap,,
9,-39.99999999999999,52,0,trap,,
10,-28.7,17,0,trap,,
11,-69.00000000000003,102,0,trap,,
12,-58.400000000000006,89,0,trap,,
13,-35.199999999999996,25,0,trap,,
14,-31.4,23,0,trap,,
15,-46.0,55,0,trap,,
16,-42.0,39,0,trap,,
17,-39.599999999999994,48,0,enemy,,
18,-52.8,69,0,trap,,
19,-40.8,45,0,trap,,
20,-60.100000000000016,88,0,trap,,
21,-52.400000000000006,53,0,trap,,
22,-26.1,6,0,enemy,,
23,-38.199999999999996,40,0,trap,,
24,-34.5,42,0,enemy,,
25,-24.6,6,0,enemy,,
26,-27.7,13,0,trap,,
27,-27.3,9,0,trap,,
28,-25.0,4,0,trap,,
29,-26.4,9,0,trap,,
30,-29.5,22,0,enemy,,
31,-27.6,15,0,trap,,
32,-43.4,65,0,trap,,
33,-31.8,24,0,trap,,
34,-26.0,17,0,trap,,
35,-32.5,19,0,enemy,,
36,-30.0,18,0,trap,,
37,-48.3,57,0,trap,,
38,-52.999999999999986,92,0,trap,,
39,-23.4,9,0,enemy,,
40,-45.69999999999999,61,0,trap,,
41,-29.5,43,0,enemy,,
42,-50.2,70,0,trap,,
43,-40.199999999999996,51,0,trap,,
44,-31.599999999999998,19,0,trap,,
45,-27.9,18,0,trap,,
46,-28.2,12,0,trap,,
47,-32.699999999999996,30,0,trap,,
48,-26.2,7,0,trap,,
49,-24.0,3,0,trap,,
50,-24.5,8,0,trap,,
51,-32.0,26,0,trap,,
52,-32.4,15,0,trap,,
53,-28.3,10,0,trap,,
54,-43.099999999999994,56,0,enemy,,
55,-23.0,5,0,trap,,
56,-38.0,53,0,enemy,,
57,-25.1,8,0,trap,,
58,-31.7,17,0,trap,,
59,-31.3,22,0,trap,,
60,-32.0,32,0,trap,,
61,-23.2,7,0,trap,,
62,-24.1,4,0,trap,,
63,-27.3,15,0,enemy,,
64,-25.0,4,0,trap,,
65,-28.9,19,0,trap,,
66,-31.8,27,0,enemy,,
67,-35.7,33,0,trap,,
68,-26.4,9,0,trap,,
69,-24.2,8,0,trap,,
70,-29.8,19,0,trap,,
71,-30.0,21,0,trap,,
72,-23.1,6,0,trap,,
73,-25.8,15,0,trap,,
74,-24.0,3,0,trap,,
75,-43.099999999999994,65,0,trap,,
76,-27.2,11,0,trap,,
77,-35.5,34,0,enemy,,
78,-28.4,11,0,trap,,
79,-37.99999999999999,50,0,trap,,
80,-32.1,27,0,enemy,-33.728750000000005,0.0
81,-33.8,32,0,trap,-33.845,0.0
82,-31.7,29,0,enemy,-33.68375,0.0
83,-34.599999999999994,34,0,enemy,-33.785000000000004,0.0
84,-24.0,3,0,trap,-33.75,0.0
85,-28.6,37,0,enemy,-33.582499999999996,0.0
86,-26.4,12,0,trap,-33.43,0.0
87,-25.5,12,0,trap,-33.2825,0.0
88,-31.8,30,0,trap,-33.366249999999994,0.0
89,-30.7,25,0,enemy,-33.25,0.0
90,-28.2,21,0,trap,-33.24375,0.0
91,-27.5,26,0,trap,-32.725,0.0
92,-35.3,29,0,trap,-32.43625,0.0
93,-23.0,5,0,trap,-32.283750000000005,0.0
94,-24.4,13,0,trap,-32.196250000000006,0.0
95,-27.5,14,0,trap,-31.965000000000003,0.0
96,-26.6,11,0,enemy,-31.7725,0.0
97,-31.1,23,0,trap,-31.66625,0.0
98,-25.5,6,0,enemy,-31.325,0.0
99,-26.3,14,0,enemy,-31.14375,0.0
100,-25.6,16,0,trap,-30.7125,0.0
101,-24.4,19,0,enemy,-30.3625,0.0
102,-28.6,34,0,trap,-30.39375,0.0
103,-26.8,22,0,trap,-30.25125,0.0
104,-24.5,11,0,trap,-30.12625,0.0
105,-24.6,12,0,trap,-30.126250000000006,0.0
106,-24.0,3,0,enemy,-30.080000000000002,0.0
107,-27.0,30,0,trap,-30.076250000000005,0.0
108,-43.999999999999986,71,0,trap,-30.313750000000006,0.0
109,-41.99999999999999,63,0,trap,-30.508750000000003,0.0
110,-29.3,26,0,enemy,-30.50625,0.0
111,-23.1,6,0,trap,-30.45,0.0
112,-28.9,19,0,enemy,-30.26875,0.0
113,-26.9,17,0,trap,-30.2075,0.0
114,-24.0,6,0,trap,-30.182499999999997,0.0
115,-25.0,10,0,trap,-30.088749999999997,0.0
116,-26.5,13,0,trap,-30.044999999999998,0.0
117,-24.0,18,0,trap,-29.74125,0.0
118,-30.9,42,0,trap,-29.465000000000003,0.0
119,-30.8,47,0,trap,-29.557499999999997,0.0
120,-25.3,10,0,trap,-29.3025,0.0
121,-25.6,10,0,enemy,-29.253749999999997,0.0
122,-26.7,27,0,trap,-28.96,0.0
123,-25.5,24,0,trap,-28.776250000000005,0.0
124,-25.3,7,0,enemy,-28.697499999999998,0.0
125,-25.1,20,0,trap,-28.6625,0.0
126,-25.3,10,0,trap,-28.62625,0.0
127,-25.4,11,0,trap,-28.535000000000004,0.0
128,-26.0,20,0,trap,-28.5325,0.0
129,-26.8,28,0,trap,-28.567499999999995,0.0
130,-32.3,47,0,enemy,-28.665,0.0
131,-25.3,10,0,trap,-28.58125,0.0
132,-23.1,6,0,trap,-28.465000000000003,0.0
133,-32.0,59,0,enemy,-28.51125,0.0
134,-32.4,27,0,trap,-28.377499999999998,0.0
135,-23.3,11,0,trap,-28.38125,0.0
136,-25.0,4,0,trap,-28.21875,0.0
137,-27.4,34,0,trap,-28.247500000000002,0.0
138,-26.0,26,0,enemy,-28.17625,0.0
139,-26.2,7,0,trap,-28.1125,0.0
140,-38.3,44,0,trap,-28.191250000000004,0.0
141,-29.3,23,0,trap,-28.267499999999995,0.0
142,-24.5,20,0,enemy,-28.272499999999997,0.0
143,-27.0,33,0,enemy,-28.268749999999994,0.0
144,-26.7,42,0,trap,-28.29,0.0
145,-24.4,22,0,trap,-28.233750000000004,0.0
146,-26.0,8,0,trap,-28.161250000000003,0.0
147,-29.2,16,0,enemy,-28.080000000000002,0.0
148,-23.1,6,0,trap,-28.03875,0.0
149,-23.3,8,0,trap,-28.027499999999996,0.0
150,-31.7,59,0,trap,-28.05125,0.0
151,-24.8,17,0,trap,-27.986250000000002,0.0
152,-24.9,18,0,trap,-28.008750000000003,0.0
153,-24.0,6,0,enemy,-27.986250000000002,0.0
154,-25.0,1,0,enemy,-27.99875,0.0
155,-28.0,7,0,enemy,-27.810000000000002,0.0
156,-27.0,30,0,trap,-27.807499999999997,0.0
157,-23.4,12,0,trap,-27.656249999999993,0.0
158,-25.1,2,0,enemy,-27.615000000000002,0.0
159,-44.8,82,0,trap,-27.7,0.0
160,-24.0,6,0,trap,-27.598749999999995,0.0
161,-26.6,26,0,trap,-27.50875,0.0
162,-24.2,8,0,trap,-27.415,0.0
163,-25.5,15,0,trap,-27.30125,0.0
164,-26.3,23,0,trap,-27.329999999999995,0.0
165,-50.89999999999999,116,0,enemy,-27.608749999999997,0.0
166,-32.3,50,0,enemy,-27.682499999999997,0.0
167,-21.9,12,0,enemy,-27.6375,0.0
168,-23.4,9,0,trap,-27.5325,0.0
169,-25.9,16,0,trap,-27.472499999999997,0.0
170,-23.2,7,0,trap,-27.410000000000004,0.0
171,-23.0,23,0,enemy,-27.35375,0.0
172,-23.2,16,0,enemy,-27.202499999999997,0.0
173,-25.4,23,0,trap,-27.232499999999998,0.0
174,-28.2,12,0,enemy,-27.279999999999994,0.0
175,-53.89999999999999,119,0,trap,-27.609999999999996,0.0
176,-35.099999999999994,66,0,trap,-27.716249999999995,0.0
177,-28.1,47,0,trap,-27.678749999999997,0.0
178,-23.0,5,0,trap,-27.647499999999997,0.0
179,-30.900000000000002,84,0,enemy,-27.704999999999995,0.0
180,-27.6,24,0,trap,-27.729999999999997,0.0
181,-24.2,8,0,trap,-27.7275,0.0
182,-31.1,44,0,enemy,-27.75875,0.0
183,-21.9,15,0,enemy,-27.6975,0.0
184,-23.4,9,0,trap,-27.683750000000003,0.0
185,-24.7,7,0,enemy,-27.684999999999995,0.0
186,-25.9,16,0,trap,-27.70875,0.0
187,-25.1,8,0,trap,-27.684999999999995,0.0
188,-25.9,13,0,trap,-27.458750000000002,0.0
189,-25.0,7,0,enemy,-27.246250000000003,0.0
190,-23.5,13,0,enemy,-27.173750000000002,0.0
191,-25.0,7,0,trap,-27.1975,0.0
192,-49.099999999999994,98,0,trap,-27.45,0.0
193,-24.0,3,0,trap,-27.41375,0.0
194,17.8,38,1,goal,-26.891249999999996,0.0125
195,-40.199999999999996,78,0,trap,-27.08125,0.0125
196,16.0,56,1,goal,-26.55,0.025
197,-78.70000000000007,196,0,trap,-27.233749999999997,0.025
198,-23.4,9,0,trap,-27.139999999999997,0.025
199,-23.1,6,0,trap,-27.04375,0.025
200,-24.4,10,0,trap,-27.0325,0.025
201,12.399999999999999,47,1,goal,-26.557499999999997,0.0375
202,-34.0,37,0,trap,-26.64875,0.0375
203,-23.1,6,0,trap,-26.618750000000006,0.0375
204,-22.7,14,0,trap,-26.58625,0.0375
205,-24.4,10,0,trap,-26.577500000000004,0.0375
206,-36.099999999999994,76,0,trap,-26.7125,0.0375
207,17.6,31,1,goal,-26.175,0.05
208,-23.3,8,0,trap,-26.141249999999996,0.05
209,-26.6,26,0,trap,-26.138750000000005,0.05
210,-25.2,18,0,enemy,-26.05,0.05
211,15.5,52,1,goal,-25.540000000000003,0.0625
212,-26.8,37,0,trap,-25.58625,0.0625
213,-24.1,7,0,trap,-25.4875,0.0625
214,-24.0,6,0,trap,-25.3825,0.0625
215,-23.2,7,0,trap,-25.38125,0.0625
216,-24.9,15,0,trap,-25.380000000000003,0.0625
217,13.4,46,1,goal,-24.869999999999997,0.075
218,-26.6,29,0,enemy,-24.8775,0.075
219,-27.700000000000003,43,0,enemy,-24.89625,0.075
220,-24.2,11,0,trap,-24.72,0.075
221,-23.1,6,0,trap,-24.642500000000002,0.075
222,-26.4,12,0,trap,-24.666249999999998,0.075
223,-23.6,14,0,enemy,-24.62375,0.075
224,-24.1,7,0,trap,-24.59125,0.075
225,-26.2,28,0,enemy,-24.613750000000003,0.075
226,-23.1,6,0,trap,-24.5775,0.075
227,-26.8,7,0,enemy,-24.547500000000003,0.075
228,-22.0,10,0,enemy,-24.53375,0.075
229,-26.3,14,0,enemy,-24.57125,0.075
230,-25.1,8,0,trap,-24.48875,0.075
231,19.2,42,1,goal,-23.93875,0.0875
232,-23.2,7,0,trap,-23.9175,0.0875
233,-43.39999999999999,95,0,trap,-24.160000000000004,0.0875
234,-23.3,11,0,trap,-24.13875,0.0875
235,17.0,37,1,goal,-23.57625,0.1
236,-27.5,23,0,trap,-23.582500000000003,0.1
237,-24.5,2,0,enemy,-23.59625,0.1
238,-23.3,11,0,enemy,-23.57375,0.1
239,-23.0,5,0,trap,-23.30125,0.1
240,-48.499999999999986,116,0,trap,-23.607499999999998,0.1
241,-26.8,16,0,trap,-23.61,0.1
242,24.1,20,1,goal,-23.00625,0.1125
243,11.600000000000003,46,1,goal,-22.542499999999997,0.125
244,-24.8,14,0,trap,-22.52375,0.125
245,-30.0,24,0,trap,-22.2625,0.125
246,17.900000000000002,46,1,goal,-21.634999999999998,0.1375
247,-24.5,20,0,trap,-21.6675,0.1375
248,-23.0,5,0,trap,-21.6625,0.1375
249,-27.3,12,0,trap,-21.68,0.1375
250,-23.2,28,0,enemy,-21.68,0.1375
251,-24.8,8,0,enemy,-21.7025,0.1375
252,-29.0,32,0,trap,-21.775,0.1375
253,-26.9,38,0,enemy,-21.79375,0.1375
254,-22.7,11,0,enemy,-21.725,0.1375
255,-21.3,18,0,enemy,-21.317500000000003,0.1375
256,-22.0,7,0,trap,-21.153750000000002,0.1375
257,7.9,56,1,goal,-20.70375,0.15
258,-22.0,7,0,enemy,-20.69125,0.15
259,-24.3,9,0,trap,-20.60875,0.15
260,-23.2,7,0,trap,-20.55375,0.15
261,-24.1,4,0,trap,-20.552500000000002,0.15
262,-24.8,20,0,enemy,-20.473750000000003,0.15
263,-50.999999999999986,75,0,enemy,-20.8375,0.15
264,-25.4,11,0,trap,-20.8625,0.15
265,18.6,39,1,goal,-20.32125,0.1625
266,-30.7,40,0,enemy,-20.38125,0.1625
267,18.6,48,1,goal,-19.835,0.175
268,-26.3,26,0,enemy,-19.84,0.175
269,-23.2,7,0,trap,-19.8175,0.175
270,-25.9,16,0,trap,-19.8475,0.175
271,8.9,73,1,goal,-19.42375,0.1875
272,-22.2,9,0,trap,-19.0875,0.1875
273,-24.3,9,0,trap,-19.09125,0.1875
274,-25.9,16,0,trap,-19.6375,0.175
275,-25.5,30,0,enemy,-19.453750000000003,0.175
276,-25.0,7,0,trap,-19.966250000000002,0.1625
277,-24.7,13,0,trap,-19.291249999999998,0.1625
278,22.6,26,1,goal,-18.71625,0.175
279,18.2,25,1,goal,-18.2,0.1875
280,-25.5,12,0,trap,-18.21375,0.1875
281,-23.4,9,0,trap,-18.66125,0.175
282,-25.5,12,0,trap,-18.555,0.175
283,-22.7,14,0,enemy,-18.55,0.175
284,-31.0,34,0,trap,-18.65375,0.175
285,-24.2,8,0,trap,-18.65125,0.175
286,-24.3,21,0,trap,-18.50375,0.175
287,-25.9,25,0,trap,-19.047500000000003,0.1625
288,-24.1,7,0,trap,-19.057499999999997,0.1625
289,11.2,68,1,goal,-18.585,0.175
290,19.4,31,1,goal,-18.0275,0.1875
291,-23.1,18,0,trap,-18.509999999999998,0.175
292,-22.5,15,0,enemy,-18.45625,0.175
293,13.7,52,1,goal,-17.98375,0.1875
294,-23.3,20,0,trap,-17.975,0.1875
295,-23.5,10,0,trap,-17.978749999999998,0.1875
296,-32.2,46,0,trap,-18.07,0.1875
297,-27.5,29,0,enemy,-18.58125,0.175
298,25.799999999999997,21,1,goal,-17.92625,0.1875
299,23.7,24,1,goal,-17.28375,0.2
300,20.7,45,1,goal,-16.7225,0.2125
301,-22.4,17,0,enemy,-16.713749999999997,0.2125
302,-33.0,36,0,trap,-16.79625,0.2125
303,23.6,34,1,goal,-16.20625,0.225
304,-23.2,19,0,trap,-16.195,0.225
305,22.6,26,1,goal,-15.584999999999999,0.2375
306,-23.0,5,0,trap,-15.58375,0.2375
307,-23.3,11,0,trap,-15.540000000000001,0.2375
308,-24.3,39,0,trap,-15.56875,0.2375
309,-23.7,12,0,trap,-15.536249999999999,0.2375
310,19.6,29,1,goal,-14.977500000000001,0.25
311,25.0,20,1,goal,-14.905000000000001,0.25
312,21.2,31,1,goal,-14.35,0.2625
313,23.1,21,1,goal,-13.51875,0.275
314,-29.4,33,0,enemy,-13.594999999999999,0.275
315,24.2,28,1,goal,-13.504999999999999,0.275
316,-27.700000000000003,43,0,enemy,-13.507499999999999,0.275
317,20.9,34,1,goal,-12.940000000000001,0.2875
318,25.299999999999997,26,1,goal,-12.3325,0.3
319,24.9,21,1,goal,-11.73375,0.3125
320,-23.0,5,0,trap,-11.415000000000001,0.3125
321,-22.6,19,0,enemy,-11.3625,0.3125
322,-23.4,12,0,trap,-11.95625,0.3
323,25.4,25,1,goal,-11.78375,0.3
324,-31.8,33,0,trap,-11.87125,0.3
325,-25.0,25,0,enemy,-11.80875,0.3
326,-24.5,23,0,trap,-12.338750000000001,0.2875
327,-23.3,8,0,trap,-12.32375,0.2875
328,-27.7,16,0,trap,-12.3825,0.2875
329,-24.3,9,0,trap,-12.345,0.2875
330,-23.4,12,0,trap,-12.3475,0.2875
331,25.1,19,1,goal,-11.72375,0.3
332,23.9,40,1,goal,-11.0625,0.3125
333,-24.3,9,0,enemy,-11.03,0.3125
334,24.3,18,1,goal,-10.442499999999999,0.325
335,-22.2,24,0,enemy,-10.45375,0.325
336,23.5,26,1,goal,-9.885,0.3375
337,-20.7,12,0,enemy,-10.242500000000001,0.325
338,14.4,54,1,goal,-9.7875,0.3375
339,-24.0,3,0,trap,-9.78375,0.3375
340,24.5,16,1,goal,-9.1875,0.35
341,17.9,37,1,goal,-8.6625,0.3625
342,-23.2,7,0,trap,-8.6425,0.3625
343,22.2,21,1,goal,-7.727500000000001,0.375
344,21.9,24,1,goal,-7.1362499999999995,0.3875
345,22.0,32,1,goal,-7.09375,0.3875
346,-19.799999999999997,18,0,enemy,-6.9575000000000005,0.3875
347,-22.8,21,0,enemy,-7.475,0.375
348,24.1,20,1,goal,-6.845000000000001,0.3875
349,-24.2,5,0,trap,-6.857499999999999,0.3875
350,-25.2,6,0,trap,-6.84875,0.3875
351,-24.8,8,0,enemy,-7.269999999999999,0.375
352,-20.7,18,0,enemy,-7.251250000000001,0.375
353,-25.8,15,0,trap,-7.269999999999999,0.375
354,22.5,27,1,goal,-6.665000000000001,0.3875
355,23.3,28,1,goal,-6.055000000000001,0.4
356,-22.0,7,0,enemy,-6.0175,0.4
357,23.9,22,1,goal,-5.41,0.4125
358,17.4,33,1,goal,-5.475,0.4125
359,-20.9,14,0,enemy,-5.96375,0.4
360,-22.0,7,0,trap,-5.92,0.4
361,25.9,20,1,goal,-5.30375,0.4125
362,-23.2,7,0,enemy,-5.275,0.4125
363,24.0,21,1,goal,-4.691250000000001,0.425
364,18.4,41,1,goal,-4.07375,0.4375
365,26.4,15,1,goal,-3.44125,0.45
366,25.1,19,1,goal,-2.8237500000000004,0.4625
367,23.599999999999998,34,1,goal,-2.2050000000000005,0.475
368,25.0,20,1,goal,-1.5912500000000003,0.4875
369,24.9,21,1,goal,-1.4200000000000004,0.4875
370,-23.2,7,0,trap,-1.9525000000000006,0.475
371,23.7,33,1,goal,-1.3675000000000004,0.4875
372,21.099999999999998,50,1,goal,-0.8225000000000003,0.5
373,-23.5,10,0,trap,-1.2875000000000003,0.4875
374,-23.0,5,0,trap,-1.2837500000000004,0.4875
375,23.9,22,1,goal,-0.6912500000000004,0.5
376,22.5,18,1,goal,-0.007500000000000373,0.5125
377,-22.8,15,0,enemy,0.051249999999999615,0.5125
378,25.1,19,1,goal,0.04249999999999967,0.5125
379,-23.2,7,0,trap,-0.5437500000000004,0.5
380,22.5,27,1,goal,-0.5212500000000004,0.5
381,-25.7,17,0,trap,-0.5625000000000003,0.5
382,26.3,16,1,goal,0.1787499999999997,0.5125
383,-24.0,6,0,trap,-0.41625000000000034,0.5
384,18.9,45,1,goal,0.10999999999999965,0.5125
385,-23.7,15,0,trap,-0.46875000000000033,0.5
386,24.3,27,1,goal,0.12249999999999965,0.5125
387,-23.0,5,0,trap,0.12624999999999967,0.5125
388,24.5,16,1,goal,0.7362499999999997,0.525
389,23.5,26,1,goal,1.3262499999999995,0.5375
390,23.299999999999997,28,1,goal,1.3724999999999996,0.5375
391,20.6,28,1,goal,1.3174999999999997,0.5375
392,26.1,18,1,goal,1.3787499999999997,0.5375
393,24.3,18,1,goal,1.3937499999999996,0.5375
394,26.2,17,1,goal,2.0887499999999997,0.55
395,26.5,14,1,goal,2.1174999999999997,0.55
396,21.5,28,1,goal,2.7324999999999995,0.5625
397,-22.6,13,0,trap,2.1887499999999998,0.55
398,24.8,22,1,goal,2.1824999999999997,0.55
399,-21.6,30,0,enemy,1.6012499999999998,0.5375
400,-25.1,8,0,enemy,1.5749999999999997,0.5375
401,24.4,17,1,goal,2.1624999999999996,0.55
402,25.8,21,1,goal,2.7774999999999994,0.5625
403,-24.0,18,0,trap,2.1599999999999993,0.55
404,-23.2,7,0,trap,2.2674999999999996,0.55
405,23.7,33,1,goal,2.8762499999999998,0.5625
406,-20.9,17,0,enemy,2.9212499999999997,0.5625
407,26.5,14,1,goal,3.54375,0.575
408,22.9,23,1,goal,4.17625,0.5875
409,-25.1,17,0,enemy,4.16625,0.5875
410,25.4,25,1,goal,4.776249999999999,0.6
411,25.2,18,1,goal,4.7775,0.6
412,25.3,17,1,goal,4.795,0.6
413,23.9,22,1,goal,5.397499999999999,0.6125
414,24.900000000000002,21,1,goal,5.404999999999999,0.6125
415,25.4,16,1,goal,5.999999999999999,0.625
416,-23.0,5,0,trap,5.418749999999999,0.6125
417,-23.4,12,0,trap,5.385,0.6125
418,20.599999999999998,46,1,goal,5.4624999999999995,0.6125
419,-23.0,5,0,trap,5.475,0.6125
420,26.1,18,1,goal,5.494999999999999,0.6125
421,21.6,36,1,goal,5.54125,0.6125
422,25.1,19,1,goal,6.145,0.625
423,-23.0,5,0,trap,5.58,0.6125
424,24.3,18,1,goal,5.61,0.6125
425,-23.5,10,0,trap,5.04125,0.6
426,23.3,28,1,goal,5.58,0.6125
427,24.1,20,1,goal,6.16625,0.625
428,-23.7,15,0,trap,5.56875,0.6125
429,-24.0,3,0,trap,5.57125,0.6125
430,23.6,25,1,goal,6.18125,0.625
431,-23.0,5,0,enemy,6.203749999999999,0.625
432,-24.0,3,0,enemy,6.1625,0.625
433,-23.2,7,0,trap,6.194999999999999,0.625
434,-23.3,8,0,trap,5.6225000000000005,0.6125
435,26.2,17,1,goal,5.6587499999999995,0.6125
436,25.8,21,1,goal,6.25625,0.625
437,23.7,24,1,goal,6.253749999999999,0.625
438,-23.5,10,0,enemy,5.7425,0.6125
439,25.8,21,1,goal,6.32625,0.625
440,24.9,21,1,goal,6.9125,0.6375
441,20.9,34,1,goal,6.85,0.6375
442,22.9,32,1,goal,7.426249999999999,0.65
443,-20.8,22,0,enemy,6.866249999999999,0.6375
444,25.2,18,1,goal,6.95125,0.6375
445,-21.2,17,0,enemy,6.35625,0.625
446,-23.5,10,0,enemy,5.748749999999999,0.6125
447,24.7,23,1,goal,5.762499999999999,0.6125
448,-24.0,3,0,enemy,5.1499999999999995,0.6
449,23.0,31,1,goal,5.12625,0.6
450,26.2,17,1,goal,5.74375,0.6125
451,26.5,14,1,goal,5.77875,0.6125
452,-22.7,8,0,enemy,5.231249999999999,0.6
453,22.1,22,1,goal,5.80125,0.6125
454,-23.4,9,0,trap,5.79625,0.6125
455,-23.0,5,0,trap,5.21,0.6
456,26.5,14,1,goal,5.26,0.6
457,25.9,20,1,goal,5.86875,0.6125
458,-23.8,13,0,trap,5.257499999999999,0.6
459,-22.8,15,0,trap,5.262499999999999,0.6
460,25.6,23,1,goal,5.30125,0.6
461,-21.2,23,0,enemy,5.3575,0.6
462,25.9,20,1,goal,5.3525,0.6
463,25.0,20,1,goal,5.965,0.6125
464,25.4,16,1,goal,6.046249999999999,0.6125
465,-24.0,21,0,enemy,6.0424999999999995,0.6125
466,-23.5,10,0,trap,5.445,0.6
467,24.2,19,1,goal,6.035,0.6125
468,26.0,19,1,goal,6.05375,0.6125
469,24.3,18,1,goal,6.063750000000001,0.6125
470,26.5,14,1,goal,6.10375,0.6125
471,23.1,21,1,goal,6.135,0.6125
472,25.4,16,1,goal,6.126250000000001,0.6125
473,-25.1,17,0,trap,5.50875,0.6
474,24.4,17,1,goal,5.48625,0.6
475,24.0,21,1,goal,5.455,0.6
476,24.0,21,1,goal,5.48625,0.6
477,24.5,16,1,goal,6.074999999999999,0.6125
478,-24.4,10,0,trap,5.46,0.6
479,24.4,17,1,goal,6.034999999999999,0.6125
480,24.4,26,1,goal,6.65375,0.625
481,-23.2,7,0,trap,6.058749999999999,0.6125
482,25.5,24,1,goal,6.055,0.6125
483,23.3,28,1,goal,6.64625,0.625
484,25.0,20,1,goal,7.248749999999999,0.6375
485,-21.2,14,0,enemy,6.6875,0.625
486,20.1,33,1,goal,7.2,0.6375
487,23.6,25,1,goal,7.16375,0.6375
488,26.4,15,1,goal,7.2075000000000005,0.6375
489,25.5,15,1,goal,7.840000000000001,0.65
490,-21.2,20,0,enemy,7.2574999999999985,0.6375
491,-21.9,27,0,enemy,6.66875,0.625
492,20.7,27,1,goal,6.61125,0.625
493,-24.1,16,0,trap,6.01125,0.6125
494,25.5,15,1,goal,6.01875,0.6125
495,-23.0,5,0,trap,5.41375,0.6
496,25.4,16,1,goal,6.01875,0.6125
497,-21.9,12,0,trap,6.0375,0.6125
498,-22.0,7,0,trap,5.505,0.6
499,26.1,18,1,goal,6.1187499999999995,0.6125
500,23.5,17,1,goal,6.08625,0.6125
501,25.4,25,1,goal,6.13375,0.6125
502,25.8,21,1,goal,6.1425,0.6125
503,-22.3,10,0,enemy,6.15125,0.6125
504,-23.5,10,0,trap,5.55375,0.6
505,23.6,25,1,goal,6.1425,0.6125
506,23.599999999999998,25,1,goal,6.14625,0.6125
507,25.1,19,1,goal,6.1587499999999995,0.6125
508,19.7,46,1,goal,6.70125,0.625
509,24.9,21,1,goal,7.3125,0.6375
510,26.3,16,1,goal,7.3462499999999995,0.6375
511,19.6,29,1,goal,7.878749999999999,0.65
512,25.2,18,1,goal,8.49375,0.6625
513,-22.8,36,0,enemy,8.49875,0.6625
514,23.8,23,1,goal,9.0875,0.675
515,24.0,21,1,goal,9.059999999999999,0.675
516,26.5,14,1,goal,9.06875,0.675
517,-21.9,12,0,enemy,8.49875,0.6625
518,-22.9,16,0,trap,8.506249999999998,0.6625
519,-24.2,5,0,trap,7.88125,0.65
520,26.5,14,1,goal,7.90125,0.65
521,26.1,18,1,goal,7.9662500000000005,0.65
522,23.8,23,1,goal,7.977499999999999,0.65
523,-23.8,13,0,trap,7.94,0.65
524,26.1,18,1,goal,7.951249999999999,0.65
525,25.3,17,1,goal,8.5325,0.6625
526,-22.8,15,0,trap,8.54125,0.6625
527,25.0,20,1,goal,8.544999999999998,0.6625
528,25.9,20,1,goal,9.16875,0.675
529,25.3,17,1,goal,9.1975,0.675
530,24.2,19,1,goal,9.172500000000001,0.675
531,21.5,28,1,goal,9.110000000000001,0.675
532,22.9,23,1,goal,9.68,0.6875
533,25.0,20,1,goal,9.716249999999999,0.6875
534,25.1,19,1,goal,10.322500000000002,0.7
535,25.3,17,1,goal,10.92625,0.7125
536,21.8,25,1,goal,10.867500000000001,0.7125
537,25.7,22,1,goal,10.864999999999998,0.7125
538,26.4,15,1,goal,11.4925,0.725
539,-23.1,6,0,enemy,11.48875,0.725
540,25.3,17,1,goal,11.485,0.725
541,21.0,24,1,goal,12.0125,0.7375
542,26.4,15,1,goal,12.01875,0.7375
543,26.3,16,1,goal,12.035,0.7375
544,26.2,17,1,goal,12.045,0.7375
545,-22.5,6,0,enemy,12.06375,0.7375
546,25.3,17,1,goal,12.67375,0.75
547,24.1,20,1,goal,12.6725,0.75
548,-23.0,5,0,trap,12.059999999999999,0.7375
549,25.9,20,1,goal,12.08,0.7375
550,25.8,21,1,goal,12.071250000000001,0.7375
551,26.3,16,1,goal,12.11125,0.7375
552,-23.3,11,0,trap,11.502500000000001,0.725
553,26.2,17,1,goal,12.143749999999999,0.7375
554,25.9,20,1,goal,12.1625,0.7375
555,26.5,14,1,goal,12.19375,0.7375
556,25.6,23,1,goal,12.21375,0.7375
557,26.5,14,1,goal,12.23875,0.7375
558,25.1,19,1,goal,12.857499999999998,0.75
559,-23.7,15,0,trap,12.25625,0.7375
560,24.1,20,1,goal,12.252500000000001,0.7375
561,24.5,16,1,goal,12.84875,0.75
562,24.1,20,1,goal,12.83125,0.75
563,26.3,16,1,goal,12.86875,0.75
564,26.2,17,1,goal,12.883750000000001,0.75
565,26.3,16,1,goal,13.477500000000001,0.7625
566,-23.6,11,0,trap,12.93125,0.75
567,-20.5,10,0,enemy,12.379999999999999,0.7375
568,26.0,19,1,goal,12.375,0.7375
569,23.5,26,1,goal,12.35,0.7375
570,24.4,26,1,goal,12.920000000000002,0.75
571,26.5,14,1,goal,13.525,0.7625
572,24.5,25,1,goal,13.572500000000002,0.7625
573,25.2,18,1,goal,14.188749999999999,0.775
574,23.4,27,1,goal,14.1625,0.775
575,26.0,19,1,goal,14.775,0.7875
576,-24.5,20,0,trap,14.15125,0.775
577,26.5,14,1,goal,14.75625,0.7875
578,26.5,14,1,goal,15.3625,0.8
579,26.5,14,1,goal,15.367500000000001,0.8
580,25.9,20,1,goal,15.397500000000003,0.8
581,26.3,16,1,goal,15.408750000000001,0.8
582,26.5,14,1,goal,15.4175,0.8
583,26.3,16,1,goal,16.025,0.8125
584,24.2,19,1,goal,16.62125,0.825
585,-23.5,13,0,trap,16.032500000000002,0.8125
586,24.4,17,1,goal,16.042499999999997,0.8125
587,23.7,33,1,goal,16.025,0.8125
588,-22.1,8,0,trap,15.502500000000001,0.8
589,26.1,18,1,goal,15.517499999999998,0.8
590,25.5,15,1,goal,15.507499999999999,0.8
591,26.2,17,1,goal,15.59,0.8
592,26.2,17,1,goal,15.602500000000001,0.8
593,26.5,14,1,goal,16.21875,0.8125
594,-22.0,7,0,trap,15.64625,0.8
595,22.5,36,1,goal,15.627500000000001,0.8
596,-24.1,10,0,enemy,14.995,0.7875
597,25.5,15,1,goal,15.5875,0.8
598,26.1,18,1,goal,16.2,0.8125
599,26.5,14,1,goal,16.833750000000002,0.825
600,23.5,26,1,goal,16.79625,0.825
601,25.1,19,1,goal,16.78375,0.825
602,24.3,27,1,goal,16.79,0.825
603,-23.1,6,0,trap,16.798750000000002,0.825
604,24.4,17,1,goal,16.7775,0.825
605,-20.5,13,0,enemy,16.205000000000002,0.8125
606,25.5,15,1,goal,16.80875,0.825
607,26.5,14,1,goal,16.8275,0.825
608,25.6,23,1,goal,16.82375,0.825
609,-23.7,6,0,enemy,16.21125,0.8125
610,25.1,19,1,goal,16.222500000000004,0.8125
611,-23.0,5,0,trap,15.666250000000002,0.8
612,24.5,25,1,goal,15.686250000000001,0.8
613,26.1,18,1,goal,15.7,0.8
614,24.6,24,1,goal,15.69375,0.8
615,-23.0,5,0,trap,15.089999999999998,0.7875
616,-22.2,18,0,enemy,14.540000000000001,0.775
617,26.0,19,1,goal,14.54375,0.775
618,25.5,15,1,goal,14.532500000000002,0.775
619,24.4,17,1,goal,15.126249999999999,0.7875
620,24.0,21,1,goal,15.11,0.7875
621,24.2,19,1,goal,15.15,0.7875
622,26.0,19,1,goal,15.145,0.7875
623,26.3,16,1,goal,15.145,0.7875
624,24.0,30,1,goal,15.117499999999998,0.7875
625,26.3,16,1,goal,15.727499999999997,0.8
626,26.3,16,1,goal,15.74,0.8
627,26.0,19,1,goal,15.763750000000002,0.8
628,22.5,27,1,goal,16.332500000000003,0.8125
629,-22.3,28,0,enemy,15.729999999999999,0.8
630,26.5,14,1,goal,15.73875,0.8
631,24.9,21,1,goal,15.721250000000001,0.8
632,25.2,18,1,goal,16.3275,0.8125
633,-22.1,8,0,enemy,15.723749999999999,0.8
634,20.5,20,1,goal,15.65625,0.8
635,26.3,16,1,goal,15.653750000000002,0.8
636,25.4,25,1,goal,15.65125,0.8
637,26.3,16,1,goal,15.648749999999998,0.8
638,25.0,29,1,goal,15.647499999999999,0.8
639,26.3,16,1,goal,16.2725,0.8125
640,26.1,18,1,goal,16.2975,0.8125
641,23.5,17,1,goal,16.285,0.8125
642,26.1,18,1,goal,16.31,0.8125
643,25.7,22,1,goal,16.302500000000002,0.8125
644,25.6,23,1,goal,16.295,0.8125
645,25.299999999999997,26,1,goal,16.282500000000002,0.8125
646,24.9,21,1,goal,16.888749999999998,0.825
647,26.2,17,1,goal,17.4725,0.8375
648,-24.6,12,0,enemy,16.84,0.825
649,25.5,15,1,goal,16.865000000000002,0.825
650,25.3,17,1,goal,16.87625,0.825
651,26.5,14,1,goal,16.87625,0.825
652,-24.1,4,0,trap,16.26875,0.8125
653,24.6,24,1,goal,16.26125,0.8125
654,26.3,16,1,goal,16.2975,0.8125
655,26.5,14,1,goal,16.30375,0.8125
656,26.5,14,1,goal,16.94125,0.825
657,24.3,27,1,goal,16.91375,0.825
658,25.1,19,1,goal,16.896250000000002,0.825
659,-23.6,14,0,trap,16.27,0.8125
660,25.7,22,1,goal,16.2675,0.8125
661,24.2,19,1,goal,16.24125,0.8125
662,21.5,19,1,goal,16.17875,0.8125
663,24.6,24,1,goal,16.1575,0.8125
664,26.2,17,1,goal,16.182499999999997,0.8125
665,25.5,15,1,goal,16.794999999999998,0.825
666,26.5,14,1,goal,16.82125,0.825
667,26.3,16,1,goal,16.853749999999998,0.825
668,26.2,17,1,goal,17.4575,0.8375
669,24.7,23,1,goal,17.44,0.8375
670,-21.4,19,0,enemy,16.853749999999998,0.825
671,-21.2,11,0,enemy,16.26125,0.8125
672,25.1,19,1,goal,16.2475,0.8125
673,-22.7,29,0,enemy,15.632499999999999,0.8
674,26.5,14,1,goal,16.23875,0.8125
675,26.3,16,1,goal,16.28625,0.8125
676,26.1,18,1,goal,16.91375,0.825
677,25.3,17,1,goal,16.911250000000003,0.825
678,25.3,17,1,goal,16.901249999999997,0.825
679,26.3,16,1,goal,16.89875,0.825
680,-19.5,12,0,enemy,16.36125,0.8125
681,26.1,18,1,goal,16.37375,0.8125
682,26.0,19,1,goal,16.395000000000003,0.8125
683,25.1,19,1,goal,16.9975,0.825
684,24.2,19,1,goal,16.994999999999997,0.825
685,25.1,19,1,goal,17.564999999999998,0.8375
686,26.3,16,1,goal,17.575,0.8375
687,25.2,18,1,goal,17.558749999999996,0.8375
688,24.9,21,1,goal,17.55,0.8375
689,26.5,14,1,goal,18.177500000000002,0.85
690,26.0,19,1,goal,18.18875,0.85
691,25.9,20,1,goal,18.8,0.8625
692,25.6,23,1,goal,18.81375,0.8625
693,25.9,20,1,goal,18.81125,0.8625
694,26.5,14,1,goal,18.835,0.8625
695,-22.9,13,0,enemy,18.83625,0.8625
696,23.9,22,1,goal,19.4125,0.875
697,24.3,18,1,goal,19.39125,0.875
698,25.0,20,1,goal,19.384999999999998,0.875
699,-22.0,16,0,enemy,18.805,0.8625
700,26.3,16,1,goal,18.833750000000002,0.8625
701,26.4,15,1,goal,18.861250000000002,0.8625
702,26.1,18,1,goal,18.8625,0.8625
703,26.1,18,1,goal,18.86,0.8625
704,26.5,14,1,goal,18.89125,0.8625
705,25.8,21,1,goal,18.885,0.8625
706,-21.5,8,0,enemy,18.2875,0.85
707,-23.0,5,0,enemy,17.675,0.8375
708,26.0,19,1,goal,17.71875,0.8375
709,-22.5,6,0,enemy,17.716250000000002,0.8375
710,26.5,14,1,goal,17.716250000000002,0.8375
711,26.4,15,1,goal,17.735,0.8375
712,26.5,14,1,goal,17.75125,0.8375
713,26.5,14,1,goal,18.35875,0.85
714,22.7,25,1,goal,18.38625,0.85
715,24.8,22,1,goal,18.3675,0.85
716,23.6,25,1,goal,18.345000000000002,0.85
717,25.8,21,1,goal,18.33875,0.85
718,25.4,16,1,goal,18.34375,0.85
719,25.5,15,1,goal,18.33375,0.85
720,25.5,15,1,goal,18.326249999999998,0.85
721,22.6,26,1,goal,18.315,0.85
722,26.5,14,1,goal,18.32,0.85
723,-22.9,10,0,enemy,17.7125,0.8375
724,26.2,17,1,goal,17.72,0.8375
725,26.5,14,1,goal,17.735,0.8375
726,26.1,18,1,goal,17.75,0.8375
727,22.9,41,1,goal,17.708750000000002,0.8375
728,23.5,17,1,goal,18.31,0.85
729,26.0,19,1,goal,18.31625,0.85
730,26.1,18,1,goal,18.326249999999998,0.85
731,25.5,15,1,goal,18.31375,0.85
732,26.2,17,1,goal,18.9425,0.8625
733,-21.3,21,0,enemy,18.36875,0.85
734,26.3,16,1,goal,18.36875,0.85
735,24.5,16,1,goal,18.34375,0.85
736,24.5,25,1,goal,18.31875,0.85
737,22.7,25,1,goal,18.298750000000002,0.85
738,26.5,14,1,goal,18.31625,0.85
739,24.5,25,1,goal,18.9175,0.8625
740,25.7,22,1,goal,18.9175,0.8625
741,25.9,20,1,goal,18.93875,0.8625
742,26.3,16,1,goal,18.99875,0.8625
743,25.8,21,1,goal,19.01375,0.8625
744,24.4,17,1,goal,18.99125,0.8625
745,21.7,26,1,goal,18.94375,0.8625
746,-22.0,7,0,enemy,18.3375,0.85
747,26.4,15,1,goal,18.33875,0.85
748,25.9,20,1,goal,18.335,0.85
749,26.1,18,1,goal,18.3525,0.85
750,-23.0,5,0,trap,18.332500000000003,0.85
751,26.1,18,1,goal,18.92375,0.8625
752,26.5,14,1,goal,18.94125,0.8625
753,25.3,17,1,goal,19.541249999999998,0.875
754,25.1,19,1,goal,19.52375,0.875
755,25.7,22,1,goal,19.516250000000003,0.875
756,26.3,16,1,goal,19.51875,0.875
757,26.5,14,1,goal,19.53375,0.875
758,24.7,23,1,goal,19.52625,0.875
759,26.1,18,1,goal,19.52375,0.875
760,26.4,15,1,goal,20.097500000000004,0.8875
761,26.5,14,1,goal,20.1025,0.8875
762,-24.7,13,0,trap,19.46875,0.875
763,26.2,17,1,goal,19.4825,0.875
764,25.7,22,1,goal,19.50125,0.875
765,26.2,17,1,goal,19.515,0.875
766,-23.0,5,0,trap,18.89875,0.8625
767,26.0,19,1,goal,18.90875,0.8625
768,25.9,20,1,goal,18.92125,0.8625
769,26.2,17,1,goal,18.9175,0.8625
770,24.5,16,1,goal,18.89875,0.8625
771,23.8,23,1,goal,18.8725,0.8625
772,23.1,21,1,goal,18.84125,0.8625
773,26.4,15,1,goal,18.8475,0.8625
774,-24.0,3,0,enemy,18.21625,0.85
775,-24.0,3,0,trap,18.2025,0.85
776,26.3,16,1,goal,18.232499999999998,0.85
777,25.4,16,1,goal,18.24625,0.85
778,-24.3,18,0,enemy,17.63,0.8375
779,-22.0,7,0,trap,17.63,0.8375
780,25.8,21,1,goal,17.62375,0.8375
781,25.5,15,1,goal,17.6125,0.8375
782,26.5,14,1,goal,17.6175,0.8375
783,22.9,41,1,goal,17.5775,0.8375
784,26.2,17,1,goal,17.57375,0.8375
785,26.1,18,1,goal,17.577499999999997,0.8375
786,26.3,16,1,goal,18.175,0.85
787,26.4,15,1,goal,18.792499999999997,0.8625
788,26.3,16,1,goal,18.796249999999997,0.8625
789,26.5,14,1,goal,19.408749999999998,0.875
790,24.3,18,1,goal,19.38125,0.875
791,23.9,22,1,goal,19.35,0.875
792,-22.8,9,0,enemy,18.73375,0.8625
793,23.9,22,1,goal,18.70125,0.8625
794,25.5,15,1,goal,18.736250000000002,0.8625
795,26.5,14,1,goal,18.7575,0.8625
796,26.5,14,1,goal,18.79375,0.8625
797,26.4,15,1,goal,18.80125,0.8625
798,24.3,18,1,goal,18.7875,0.8625
799,26.5,14,1,goal,18.8,0.8625
800,24.2,19,1,goal,18.78375,0.8625
801,26.5,14,1,goal,18.8325,0.8625
802,26.5,14,1,goal,18.8325,0.8625
803,26.5,14,1,goal,19.45,0.875
804,26.5,14,1,goal,19.45375,0.875
805,26.5,14,1,goal,19.45375,0.875
806,22.3,20,1,goal,19.40625,0.875
807,26.0,19,1,goal,19.445,0.875
808,25.5,24,1,goal,19.47,0.875
809,25.4,16,1,goal,19.4625,0.875
810,26.3,16,1,goal,19.465,0.875
811,-18.5,14,0,enemy,18.915,0.8625
812,26.5,14,1,goal,18.91875,0.8625
813,26.5,14,1,goal,19.51625,0.875
814,-23.3,8,0,trap,18.896250000000002,0.8625
815,26.1,18,1,goal,18.916249999999998,0.8625
816,-21.0,9,0,enemy,18.3475,0.85
817,26.4,15,1,goal,18.39375,0.85
818,24.5,16,1,goal,18.36875,0.85
819,25.9,20,1,goal,18.38625,0.85
820,25.6,23,1,goal,18.384999999999998,0.85
821,26.5,14,1,goal,18.392500000000002,0.85
822,-20.9,26,0,enemy,17.8025,0.8375
823,26.5,14,1,goal,17.811249999999998,0.8375
824,20.9,25,1,goal,17.767500000000002,0.8375
825,26.5,14,1,goal,17.8275,0.8375
826,25.0,20,1,goal,18.415,0.85
827,25.4,16,1,goal,18.4025,0.85
828,26.4,15,1,goal,18.40875,0.85
829,25.0,20,1,goal,18.395,0.85
830,-20.5,10,0,enemy,18.42625,0.85
831,-26.4,15,0,trap,17.770000000000003,0.8375
832,25.3,17,1,goal,17.755000000000003,0.8375
833,-22.5,9,0,enemy,17.157500000000002,0.825
834,-23.3,20,0,trap,16.552500000000002,0.8125
835,26.5,14,1,goal,16.5625,0.8125
836,25.5,15,1,goal,16.552500000000002,0.8125
837,25.1,19,1,goal,16.535,0.8125
838,26.5,14,1,goal,16.557499999999997,0.8125
839,26.5,14,1,goal,16.5625,0.8125
840,25.5,24,1,goal,16.55125,0.8125
841,26.3,16,1,goal,16.54875,0.8125
842,24.7,23,1,goal,17.166249999999998,0.825
843,24.5,16,1,goal,17.145,0.825
844,24.5,16,1,goal,17.130000000000003,0.825
845,26.2,17,1,goal,17.130000000000003,0.825
846,26.0,19,1,goal,17.7425,0.8375
847,26.4,15,1,goal,17.7475,0.8375
848,25.3,26,1,goal,17.740000000000002,0.8375
849,25.4,16,1,goal,17.729999999999997,0.8375
850,26.5,14,1,goal,17.755,0.8375
851,25.5,15,1,goal,17.776249999999997,0.8375
852,22.9,23,1,goal,17.77375,0.8375
853,26.2,17,1,goal,17.771250000000002,0.8375
854,26.1,18,1,goal,18.3975,0.85
855,25.3,17,1,goal,19.013749999999998,0.8625
856,26.4,15,1,goal,19.015,0.8625
857,26.5,14,1,goal,19.02875,0.8625
858,26.3,16,1,goal,19.661250000000003,0.875
859,26.5,14,1,goal,20.267500000000002,0.8875
860,26.1,18,1,goal,20.27125,0.8875
861,26.5,14,1,goal,20.283749999999998,0.8875
862,21.9,33,1,goal,20.22625,0.8875
863,24.9,21,1,goal,20.251250000000002,0.8875
864,23.0,22,1,goal,20.21125,0.8875
865,25.5,15,1,goal,20.203750000000003,0.8875
866,24.3,18,1,goal,20.17875,0.8875
867,24.0,30,1,goal,20.14875,0.8875
868,26.4,15,1,goal,20.15,0.8875
869,26.1,18,1,goal,20.145000000000003,0.8875
870,24.3,18,1,goal,20.145,0.8875
871,26.5,14,1,goal,20.177500000000002,0.8875
872,25.8,21,1,goal,20.785,0.9
873,25.8,21,1,goal,20.808749999999996,0.9
874,25.3,17,1,goal,20.80625,0.9
875,-23.2,7,0,trap,20.185,0.8875
876,26.5,14,1,goal,20.185,0.8875
877,26.5,14,1,goal,20.18625,0.8875
878,25.5,15,1,goal,20.20125,0.8875
879,24.3,18,1,goal,20.173750000000002,0.8875
880,24.3,18,1,goal,20.175,0.8875
881,24.6,24,1,goal,20.15125,0.8875
882,24.9,21,1,goal,20.13125,0.8875
883,25.8,21,1,goal,20.1225,0.8875
884,21.9,24,1,goal,20.065,0.8875
885,26.2,17,1,goal,20.06125,0.8875
886,25.8,21,1,goal,20.105,0.8875
887,-24.4,19,0,trap,19.475,0.875
888,-22.1,23,0,enemy,18.880000000000003,0.8625
889,26.5,14,1,goal,18.89375,0.8625
890,-21.7,28,0,enemy,18.29375,0.85
891,25.5,15,1,goal,18.84375,0.8625
892,23.9,22,1,goal,18.81125,0.8625
893,26.1,18,1,goal,18.80625,0.8625
894,24.5,16,1,goal,19.40375,0.875
895,-24.0,3,0,trap,18.7775,0.8625
896,25.9,20,1,goal,19.363750000000003,0.875
897,26.5,14,1,goal,19.365000000000002,0.875
898,25.5,15,1,goal,19.3775,0.875
899,26.3,16,1,goal,19.3825,0.875
900,26.0,19,1,goal,19.3875,0.875
901,25.5,15,1,goal,19.375,0.875
902,-25.0,7,0,trap,19.32375,0.875
903,24.5,25,1,goal,19.298750000000002,0.875
904,26.0,19,1,goal,19.3625,0.875
905,-24.5,2,0,enemy,18.725,0.8625
906,26.5,14,1,goal,18.74375,0.8625
907,25.3,17,1,goal,18.7425,0.8625
908,26.2,17,1,goal,18.740000000000002,0.8625
909,26.3,16,1,goal,18.75625,0.8625
910,26.3,16,1,goal,19.34125,0.875
911,-23.0,5,0,trap,19.38375,0.875
912,26.3,16,1,goal,19.396250000000002,0.875
913,26.5,14,1,goal,20.00875,0.8875
914,26.1,18,1,goal,20.62625,0.9
915,26.5,14,1,goal,20.62625,0.9
916,-23.1,6,0,trap,20.01875,0.8875
917,25.1,19,1,goal,20.01875,0.8875
918,26.5,14,1,goal,20.01875,0.8875
919,-20.7,12,0,enemy,19.42875,0.875
920,25.5,15,1,goal,19.42875,0.875
921,24.5,25,1,goal,19.40625,0.875
922,25.2,18,1,goal,19.4125,0.875
923,26.3,16,1,goal,19.435,0.875
924,25.1,19,1,goal,19.442500000000003,0.875
925,25.700000000000003,22,1,goal,19.436249999999998,0.875
926,26.3,16,1,goal,19.44,0.875
927,25.5,15,1,goal,19.42875,0.875
928,26.3,16,1,goal,19.44125,0.875
929,24.9,21,1,goal,19.435,0.875
930,25.0,20,1,goal,19.416249999999998,0.875
931,25.3,17,1,goal,19.41375,0.875
932,26.3,16,1,goal,19.45625,0.875
933,25.3,17,1,goal,19.445,0.875
934,26.0,19,1,goal,19.44375,0.875
935,23.5,17,1,goal,19.42125,0.875
936,-24.0,3,0,enemy,18.791249999999998,0.8625
937,25.9,20,1,goal,18.78375,0.8625
938,26.3,16,1,goal,18.78375,0.8625
939,23.3,19,1,goal,18.74375,0.8625
940,26.3,16,1,goal,18.74625,0.8625
941,23.9,22,1,goal,18.71375,0.8625
942,26.5,14,1,goal,18.771250000000002,0.8625
943,26.0,19,1,goal,18.785,0.8625
944,25.5,15,1,goal,18.81625,0.8625
945,26.0,19,1,goal,18.822499999999998,0.8625
946,25.5,15,1,goal,18.8375,0.8625
947,-21.4,16,0,enemy,18.27,0.85
948,24.3,18,1,goal,18.24375,0.85
949,26.5,14,1,goal,18.248749999999998,0.85
950,25.3,17,1,goal,18.26125,0.85
951,26.2,17,1,goal,18.2575,0.85
952,26.5,14,1,goal,18.26625,0.85
953,24.5,16,1,goal,18.25,0.85
954,25.8,21,1,goal,18.25625,0.85
955,25.5,15,1,goal,18.865000000000002,0.8625
956,23.5,17,1,goal,18.8275,0.8625
957,24.5,16,1,goal,18.802500000000002,0.8625
958,26.5,14,1,goal,18.815,0.8625
959,25.2,18,1,goal,18.826249999999998,0.8625
960,25.9,20,1,goal,18.84625,0.8625
961,24.5,25,1,goal,18.845,0.8625
962,25.2,18,1,goal,18.848750000000003,0.8625
963,26.1,18,1,goal,18.8525,0.8625
964,24.5,16,1,goal,18.884999999999998,0.8625
965,24.3,18,1,goal,18.86125,0.8625
966,26.1,18,1,goal,18.865000000000002,0.8625
967,-25.0,1,0,enemy,18.8575,0.8625
968,26.5,14,1,goal,19.465,0.875
969,25.6,23,1,goal,19.45375,0.875
970,23.7,33,1,goal,20.021250000000002,0.8875
971,25.5,15,1,goal,20.021250000000002,0.8875
972,-25.0,1,0,enemy,19.41,0.875
973,25.2,18,1,goal,19.39875,0.875
974,-20.7,18,0,enemy,18.833750000000002,0.8625
975,25.4,16,1,goal,19.45125,0.875
976,24.9,21,1,goal,19.43875,0.875
977,20.2,23,1,goal,19.36,0.875
978,25.7,22,1,goal,19.3625,0.875
979,23.5,26,1,goal,19.3275,0.875
980,25.9,20,1,goal,19.326249999999998,0.875
981,25.4,16,1,goal,19.325,0.875
982,25.8,21,1,goal,19.96,0.8875
983,26.1,18,1,goal,19.98,0.8875
984,25.9,20,1,goal,19.978749999999998,0.8875
985,25.1,19,1,goal,20.598750000000003,0.9
986,26.5,14,1,goal,20.598750000000003,0.9
987,26.2,17,1,goal,20.61,0.9
988,25.1,19,1,goal,20.59625,0.9
989,26.5,14,1,goal,20.598750000000003,0.9
990,22.9,23,1,goal,20.55625,0.9
991,26.2,17,1,goal,21.17125,0.9125
992,25.3,17,1,goal,21.158749999999998,0.9125
993,26.5,14,1,goal,21.158749999999998,0.9125
994,24.7,23,1,goal,21.14125,0.9125
995,26.0,19,1,goal,21.134999999999998,0.9125
996,25.1,28,1,goal,21.7375,0.925
997,25.9,20,1,goal,21.7475,0.925
998,26.4,15,1,goal,21.74625,0.925
999,26.3,16,1,goal,22.333750000000002,0.9375
1000,26.1,18,1,goal,22.34125,0.9375
1001,24.9,21,1,goal,22.34625,0.9375
1002,26.4,15,1,goal,22.361250000000002,0.9375
1003,26.1,18,1,goal,22.35875,0.9375
1004,26.5,14,1,goal,22.37625,0.9375
1005,26.5,14,1,goal,22.38625,0.9375
1006,24.4,17,1,goal,22.3625,0.9375
1007,26.2,17,1,goal,22.371249999999996,0.9375
1008,26.3,16,1,goal,22.37125,0.9375
1009,-21.4,13,0,enemy,21.7925,0.925
1010,26.5,14,1,goal,21.81125,0.925
1011,22.2,21,1,goal,21.7725,0.925
1012,25.5,15,1,goal,21.7625,0.925
1013,20.1,24,1,goal,21.697499999999998,0.925
1014,25.5,24,1,goal,21.69125,0.925
1015,26.3,16,1,goal,21.72625,0.925
1016,25.3,17,1,goal,22.3425,0.9375
1017,26.3,16,1,goal,22.3475,0.9375
1018,26.4,15,1,goal,22.34875,0.9375
1019,26.1,18,1,goal,22.38375,0.9375
1020,24.8,22,1,goal,22.365000000000002,0.9375
1021,26.2,17,1,goal,22.39375,0.9375
1022,24.4,17,1,goal,22.3675,0.9375
1023,26.5,14,1,goal,22.373749999999998,0.9375
1024,26.4,15,1,goal,22.384999999999998,0.9375
1025,24.5,16,1,goal,22.36625,0.9375
1026,25.4,16,1,goal,22.365000000000002,0.9375
1027,26.3,16,1,goal,22.96125,0.95
1028,25.5,15,1,goal,22.97625,0.95
1029,26.5,14,1,goal,22.97625,0.95
1030,25.6,23,1,goal,22.979999999999997,0.95
1031,26.5,14,1,goal,22.98375,0.95
1032,26.2,17,1,goal,22.98,0.95
1033,26.0,19,1,goal,22.99875,0.95
1034,25.3,17,1,goal,22.9925,0.95
1035,26.5,14,1,goal,23.005,0.95
1036,-20.9,14,0,enemy,22.45,0.9375
1037,26.0,19,1,goal,22.46875,0.9375
1038,24.9,21,1,goal,22.448749999999997,0.9375
1039,26.5,14,1,goal,22.465,0.9375
1040,26.5,14,1,goal,22.4725,0.9375
1041,26.5,14,1,goal,22.4975,0.9375
1042,22.1,22,1,goal,22.458750000000002,0.9375
1043,26.0,19,1,goal,22.457500000000003,0.9375
1044,25.2,18,1,goal,22.46625,0.9375
1045,-20.5,10,0,enemy,21.90625,0.925
1046,24.5,16,1,goal,21.886249999999997,0.925
1047,26.2,17,1,goal,22.526249999999997,0.9375
1048,25.5,15,1,goal,22.513749999999998,0.9375
1049,26.1,18,1,goal,22.520000000000003,0.9375
1050,26.5,14,1,goal,22.555,0.9375
1051,25.2,18,1,goal,22.55125,0.9375
1052,26.1,18,1,goal,23.19,0.95
1053,-20.7,12,0,enemy,22.61625,0.9375
1054,26.0,19,1,goal,23.2,0.95
1055,25.4,16,1,goal,23.2,0.95
1056,21.6,36,1,goal,23.15875,0.95
1057,-23.0,5,0,trap,22.61875,0.9375
1058,24.5,16,1,goal,22.603749999999998,0.9375
1059,19.9,26,1,goal,22.55875,0.9375
1060,-22.3,10,0,enemy,21.95625,0.925
1061,25.8,21,1,goal,21.96125,0.925
1062,25.2,18,1,goal,21.95375,0.925
1063,26.4,15,1,goal,21.9575,0.925
1064,26.5,14,1,goal,21.965,0.925
1065,25.0,20,1,goal,21.963749999999997,0.925
1066,26.5,14,1,goal,21.963749999999997,0.925
1067,25.8,21,1,goal,21.958750000000002,0.925
1068,26.5,14,1,goal,21.97625,0.925
1069,26.0,19,1,goal,21.97,0.925
1070,-23.0,5,0,enemy,21.396250000000002,0.9125
1071,25.7,22,1,goal,21.39,0.9125
1072,26.5,14,1,goal,21.405,0.9125
1073,26.3,16,1,goal,21.4025,0.9125
1074,26.5,14,1,goal,21.425,0.9125
1075,25.3,17,1,goal,21.416249999999998,0.9125
1076,26.2,17,1,goal,21.43,0.9125
1077,26.2,17,1,goal,21.43375,0.9125
1078,26.1,18,1,goal,21.43,0.9125
1079,26.3,16,1,goal,21.43,0.9125
1080,23.4,18,1,goal,21.396250000000002,0.9125
1081,24.9,21,1,goal,21.396250000000002,0.9125
1082,23.5,17,1,goal,21.36,0.9125
1083,22.0,32,1,goal,21.30875,0.9125
1084,25.2,18,1,goal,21.2925,0.9125
1085,25.5,15,1,goal,21.28,0.9125
1086,26.5,14,1,goal,21.30625,0.9125
1087,25.5,15,1,goal,21.297500000000003,0.9125
1088,24.9,21,1,goal,21.279999999999998,0.9125
1089,25.2,18,1,goal,21.8625,0.925
1090,22.4,28,1,goal,21.81125,0.925
1091,26.4,15,1,goal,21.86375,0.925
1092,26.2,17,1,goal,21.8725,0.925
1093,24.6,24,1,goal,21.92875,0.925
1094,26.5,14,1,goal,21.94125,0.925
1095,26.5,14,1,goal,21.94375,0.925
1096,25.5,15,1,goal,21.94625,0.925
1097,26.1,18,1,goal,21.94375,0.925
1098,26.2,17,1,goal,21.941250000000004,0.925
1099,26.3,16,1,goal,21.94375,0.925
1100,26.3,16,1,goal,21.9625,0.925
1101,25.4,16,1,goal,21.9525,0.925
1102,26.5,14,1,goal,21.97875,0.925
1103,25.1,19,1,goal,21.96125,0.925
1104,26.2,17,1,goal,21.958750000000002,0.925
1105,23.9,22,1,goal,21.951249999999998,0.925
1106,25.799999999999997,21,1,goal,21.95625,0.925
1107,25.9,20,1,goal,21.951249999999998,0.925
1108,25.9,20,1,goal,21.95625,0.925
1109,26.3,16,1,goal,21.95375,0.925
1110,26.3,16,1,goal,21.9625,0.925
1111,24.9,21,1,goal,21.942500000000003,0.925
1112,-24.0,3,0,enemy,21.315,0.9125
1113,24.3,18,1,goal,21.29375,0.9125
1114,26.3,16,1,goal,21.30625,0.9125
1115,26.4,15,1,goal,21.305,0.9125
1116,25.1,19,1,goal,21.88,0.925
1117,-22.4,11,0,trap,21.275,0.9125
1118,26.3,16,1,goal,21.2925,0.9125
1119,25.7,22,1,goal,21.282500000000002,0.9125
1120,26.2,17,1,goal,21.27875,0.9125
1121,24.1,20,1,goal,21.24875,0.9125
1122,26.5,14,1,goal,21.30375,0.9125
1123,26.1,18,1,goal,21.305,0.9125
1124,26.2,17,1,goal,21.317500000000003,0.9125
1125,26.5,14,1,goal,21.905,0.925
1126,26.4,15,1,goal,21.92875,0.925
1127,26.1,18,1,goal,21.927500000000002,0.925
1128,25.5,15,1,goal,21.927500000000002,0.925
1129,26.5,14,1,goal,21.932499999999997,0.925
1130,25.0,20,1,goal,21.91375,0.925
1131,26.0,19,1,goal,21.923750000000002,0.925
1132,26.2,17,1,goal,21.925,0.925
1133,22.9,32,1,goal,22.47,0.9375
1134,26.5,14,1,goal,22.47625,0.9375
1135,25.6,23,1,goal,22.478749999999998,0.9375
1136,24.7,23,1,goal,22.517500000000002,0.9375
1137,26.1,18,1,goal,23.13125,0.95
1138,26.3,16,1,goal,23.15375,0.95
1139,25.1,19,1,goal,23.21875,0.95
1140,26.4,15,1,goal,23.8275,0.9625
1141,23.9,31,1,goal,23.80375,0.9625
1142,23.9,31,1,goal,23.7875,0.9625
1143,24.5,16,1,goal,23.763749999999998,0.9625
1144,25.5,15,1,goal,23.75125,0.9625
1145,25.2,18,1,goal,23.75375,0.9625
1146,25.4,25,1,goal,23.740000000000002,0.9625
1147,25.9,20,1,goal,23.74125,0.9625
1148,25.3,26,1,goal,23.72625,0.9625
1149,24.9,21,1,goal,23.7125,0.9625
1150,25.5,15,1,goal,24.31875,0.975
1151,26.5,14,1,goal,24.32875,0.975
1152,-22.2,18,0,enemy,23.72,0.9625
1153,25.5,15,1,goal,23.71,0.9625
1154,25.4,16,1,goal,23.69625,0.9625
1155,25.8,21,1,goal,23.7025,0.9625
1156,22.9,32,1,goal,23.661250000000003,0.9625
1157,26.1,18,1,goal,23.66,0.9625
1158,26.2,17,1,goal,23.661250000000003,0.9625
1159,24.2,19,1,goal,23.634999999999998,0.9625
1160,-23.1,6,0,trap,23.05375,0.95
1161,25.5,15,1,goal,23.061249999999998,0.95
1162,25.9,20,1,goal,23.09125,0.95
1163,25.3,17,1,goal,23.1325,0.95
1164,25.2,18,1,goal,23.1325,0.95
1165,-27.2,8,0,enemy,22.47375,0.9375
1166,25.7,22,1,goal,22.463749999999997,0.9375
1167,24.1,20,1,goal,22.44625,0.9375
1168,26.5,14,1,goal,22.46625,0.9375
1169,20.3,22,1,goal,22.405,0.9375
1170,26.0,19,1,goal,22.45,0.9375
1171,26.2,17,1,goal,22.447499999999998,0.9375
1172,25.3,17,1,goal,22.43625,0.9375
1173,-23.8,13,0,trap,21.83125,0.925
1174,25.4,16,1,goal,21.817500000000003,0.925
1175,26.5,14,1,goal,21.817500000000003,0.925
1176,24.8,22,1,goal,21.80875,0.925
1177,-22.4,11,0,trap,21.202499999999997,0.9125
1178,26.5,14,1,goal,21.20625,0.9125
1179,26.0,19,1,goal,21.202499999999997,0.9125
1180,25.7,22,1,goal,21.195,0.9125
1181,24.299999999999997,27,1,goal,21.18125,0.9125
1182,25.3,17,1,goal,21.166249999999998,0.9125
1183,26.2,17,1,goal,21.18,0.9125
1184,26.3,16,1,goal,21.18125,0.9125
1185,24.5,16,1,goal,21.188750000000002,0.9125
1186,26.4,15,1,goal,21.19625,0.9125
1187,24.8,22,1,goal,21.182499999999997,0.9125
1188,26.5,14,1,goal,21.189999999999998,0.9125
1189,26.5,14,1,goal,21.1925,0.9125
1190,24.9,21,1,goal,21.175,0.9125
1191,23.3,28,1,goal,21.154999999999998,0.9125
1192,24.5,16,1,goal,21.761249999999997,0.925
1193,26.0,19,1,goal,21.7825,0.925
1194,24.5,34,1,goal,21.759999999999998,0.925
1195,26.5,14,1,goal,21.761249999999997,0.925
1196,26.0,19,1,goal,21.7725,0.925
1197,26.5,14,1,goal,22.38375,0.9375
1198,25.4,25,1,goal,22.3725,0.9375
1199,24.6,24,1,goal,22.358749999999997,0.9375
1200,25.1,19,1,goal,22.345000000000002,0.9375
